xTrajPlanned;yTrajPlanned;thetaTrajPlanned;kappaTrajPlanned;vtransTrajPlanned;vrotTrajPlanned;indexTrajPlanned
11.8034715652;7.89550876617;0.00134676190409;0.0;0.0;0;0;0
11.8922048737;7.89562826889;0.00134676190409;0.0;0.132555528372;0;0;0
11.9809381821;7.8957477716;0.00134676190409;0.0;0.187461825992;0;0;0
12.0696714906;7.89586727431;0.00134676190409;0.0;0.229592909965;0;0;0
12.158404799;7.89598677702;0.00134676190409;0.0;0.265111056745;0;0;0
12.2471381075;7.89610627973;0.00134676190409;0.0;0.296403172234;0;0;0
12.3358714159;7.89622578244;0.00134676190409;0.0;0.324693407098;0;0;0
12.4246047244;7.89634528516;0.00134676190409;0.0;0.35070896298;0;0;0
12.5133380328;7.89646478787;0.00134676190409;0.0;0.374923651984;0;0;0
12.6020713412;7.89658429058;0.00134676190409;0.0;0.397666585117;0;0;0
12.6908046497;7.89670379329;0.00134676190409;0.0;0.4;0;0;0
12.7795379581;7.896823296;0.00134676190409;0.0;0.4;0;0;0
12.8682712666;7.89694279871;0.00134676190409;0.0;0.4;0;0;0
12.957004575;7.89706230143;0.00134676190409;0.0;0.4;0;0;0
13.0457378835;7.89718180414;0.00134676190409;0.0;0.4;0;0;0
13.1344711919;7.89730130685;0.00134676190409;0.0;0.4;0;0;0
13.2232045004;7.89742080956;0.00134676190409;0.0;0.4;0;0;0
13.3119378088;7.89754031227;0.00134676190409;0.0;0.4;0;0;0
13.4006711173;7.89765981498;0.00134676190409;0.0;0.4;0;0;0
13.4894044257;7.8977793177;0.00134676190409;0.0;0.4;0;0;0
13.5781377341;7.89789882041;0.00134676190409;0.0;0.4;0;0;0
13.6668710426;7.89801832312;0.00134676190409;0.0;0.4;0;0;0
13.755604351;7.89813782583;0.00134676190409;0.0;0.4;0;0;0
13.8443376595;7.89825732854;0.00134676190409;0.0;0.4;0;0;0
13.9330709679;7.89837683125;0.00134676190409;0.0;0.4;0;0;0
14.0218042764;7.89849633397;0.00134676190409;0.0;0.4;0;0;0
14.1105375848;7.89861583668;0.00134676190409;0.0;0.4;0;0;0
14.1992708933;7.89873533939;0.00134676190409;0.0;0.4;0;0;0
14.2880042017;7.8988548421;0.00134676190409;0.0;0.4;0;0;0
14.3767375101;7.89897434481;0.00134676190409;0.0;0.4;0;0;0
14.4654708186;7.89909384752;0.00134676190409;0.0;0.4;0;0;0
14.554204127;7.89921335024;0.00134676190409;0.0;0.4;0;0;0
14.6429374355;7.89933285295;0.00134676190409;0.0;0.4;0;0;0
14.7316707439;7.89945235566;0.00134676190409;0.0;0.4;0;0;0
14.8204040524;7.89957185837;0.00134676190409;0.0;0.4;0;0;0
14.9091373608;7.89969136108;0.00134676190409;0.0;0.4;0;0;0
14.9978706693;7.8998108638;0.00134676190409;0.0;0.4;0;0;0
15.0866039777;7.89993036651;0.00134676190409;0.0;0.4;0;0;0
15.1753372861;7.90004986922;0.00134676190409;0.0;0.4;0;0;0
15.2640705946;7.90016937193;0.00134676190409;0.0;0.4;0;0;0
15.352803903;7.90028887464;0.00134676190409;0.0;0.4;0;0;0
15.4415372115;7.90040837735;0.00134676190409;0.0;0.4;0;0;0
15.5302705199;7.90052788007;0.00134676190409;0.0;0.4;0;0;0
15.6190038284;7.90064738278;0.00134676190409;0.0;0.4;0;0;0
15.7077371368;7.90076688549;0.00134676190409;0.0;0.4;0;0;0
15.7964704453;7.9008863882;0.00134676190409;0.0;0.4;0;0;0
15.8852037537;7.90100589091;0.00134676190409;0.0;0.4;0;0;0
15.9739370622;7.90112539362;0.00134676190409;0.0;0.4;0;0;0
16.0626703706;7.90124489634;0.00134676190409;0.0;0.4;0;0;0
16.151403679;7.90136439905;0.00134676190409;0.0;0.4;0;0;0
16.2401369875;7.90148390176;0.00134676190409;0.0;0.4;0;0;0
16.3288702959;7.90160340447;0.00134676190409;0.0;0.4;0;0;0
16.4176036044;7.90172290718;0.00134676190409;0.0;0.4;0;0;0
16.5063369128;7.90184240989;0.00134676190409;0.0;0.4;0;0;0
16.5950702213;7.90196191261;0.00134676190409;0.0;0.4;0;0;0
16.6838035297;7.90208141532;0.00134676190409;0.0;0.4;0;0;0
16.7725368382;7.90220091803;0.00134676190409;0.0;0.4;0;0;0
16.8612701466;7.90232042074;0.00134676190409;0.0;0.4;0;0;0
16.950003455;7.90243992345;0.00134676190409;0.0;0.4;0;0;0
17.0387367635;7.90255942616;0.00134676190409;0.0;0.4;0;0;0
17.1274700719;7.90267892888;0.00134676190409;0.0;0.4;0;0;0
17.2162033804;7.90279843159;0.00134676190409;0.0;0.4;0;0;0
17.3049366888;7.9029179343;0.00134676190409;0.0;0.4;0;0;0
17.3936699973;7.90303743701;0.00134676190409;0.0;0.4;0;0;0
17.4824033057;7.90315693972;0.00134676190409;0.0;0.4;0;0;0
17.5711366142;7.90327644243;0.00134676190409;0.0;0.4;0;0;0
17.6598699226;7.90339594515;0.00134676190409;0.0;0.4;0;0;0
17.748603231;7.90351544786;0.00134676190409;0.0;0.4;0;0;0
17.8373365395;7.90363495057;0.00134676190409;0.0;0.4;0;0;0
17.9260698479;7.90375445328;0.00134676190409;0.0;0.4;0;0;0
18.0148031564;7.90387395599;0.00134676190409;0.0;0.4;0;0;0
18.1035364648;7.9039934587;0.00134676190409;0.0;0.4;0;0;0
18.1922697733;7.90411296142;0.00134676190409;0.0;0.4;0;0;0
18.2810030817;7.90423246413;0.00134676190409;0.0;0.4;0;0;0
18.3697363902;7.90435196684;0.00134676190409;0.0;0.4;0;0;0
18.4584696986;7.90447146955;0.00134676190409;0.0;0.4;0;0;0
18.5472030071;7.90459097226;0.00134676190409;0.0;0.4;0;0;0
18.6359363155;7.90471047497;0.00134676190409;0.0;0.4;0;0;0
18.7246696239;7.90482997769;0.00134676190409;0.0;0.4;0;0;0
18.8134029324;7.9049494804;0.00134676190409;0.0;0.4;0;0;0
18.9021362408;7.90506898311;0.00134676190409;0.0;0.4;0;0;0
18.9908695493;7.90518848582;0.00134676190409;0.0;0.4;0;0;0
19.0796028577;7.90530798853;0.00134676190409;0.0;0.4;0;0;0
19.1683361662;7.90542749124;0.00134676190409;0.0;0.4;0;0;0
19.2570694746;7.90554699396;0.00134676190409;0.0;0.4;0;0;0
19.3458027831;7.90566649667;0.00134676190409;0.0;0.4;0;0;0
19.4345360915;7.90578599938;0.00134676190409;0.0;0.4;0;0;0
19.5232693999;7.90590550209;0.00134676190409;0.0;0.4;0;0;0
19.6120027084;7.9060250048;0.00134676190409;0.0;0.4;0;0;0
19.7007360168;7.90614450751;0.00134676190409;0.0;0.4;0;0;0
19.7894693253;7.90626401023;0.00134676190409;0.0;0.4;0;0;0
19.8782026337;7.90638351294;0.00134676190409;0.0;0.4;0;0;0
19.9669359422;7.90650301565;0.00134676190409;0.0;0.4;0;0;0
20.0556692506;7.90662251836;0.00134676190409;0.0;0.4;0;0;0
20.1444025591;7.90674202107;0.00134676190409;0.0;0.4;0;0;0
20.2331358675;7.90686152378;0.00134676190409;0.0;0.4;0;0;0
20.3218691759;7.9069810265;0.00134676190409;0.0;0.4;0;0;0
20.4106024844;7.90710052921;0.00134676190409;0.0;0.4;0;0;0
20.4993357928;7.90722003192;0.00134676190409;0.0;0.4;0;0;0
20.5880691013;7.90733953463;0.00134676190409;0.0;0.4;0;0;0
20.6768024097;7.90745903734;0.00134676190409;-0.0;0.4;0;0;0
20.7000035765;7.90748237074;0.000865705529006;-0.0416666666667;0.4;0;0;0
20.7231527818;7.90747537141;-0.000577463596237;-0.0833333333333;0.4;0;0;0
20.7462596271;7.90741792059;-0.00298274547164;-0.125;0.4;0;0;0
20.7693320798;7.90728946672;-0.00635014009721;-0.166666666667;0.4;0;0;0
20.7923766032;7.90706911941;-0.0106796474729;-0.208333333333;0.4;0;0;0
20.8153982673;7.90673572894;-0.0159712675988;-0.25;0.4;0;0;0
20.8384008407;7.90626795358;-0.0222250004749;-0.291666666667;0.4;0;0;0
20.8613868663;7.90564431687;-0.0294408461011;-0.333333333333;0.4;0;0;0
20.8843577228;7.90484325654;-0.0376188044775;-0.375;0.4;0;0;0
20.9073136713;7.90384316685;-0.046758875604;-0.416666666667;0.4;0;0;0
20.9302538904;7.90262243579;-0.0568610594807;-0.458333333333;0.4;0;0;0
20.9531765001;7.90115947855;-0.0679253561076;-0.5;0.4;0;0;0
20.9760785748;7.89943276844;-0.0799517654846;-0.541666666667;0.4;0;0;0
20.9989561484;7.89742086652;-0.0929402876118;-0.583333333333;0.4;0;0;0
21.0218042098;7.89510245092;-0.106890922489;-0.625;0.4;0;0;0
21.044616693;7.89245634678;-0.121803670117;-0.666666666667;0.4;0;0;0
21.0673864588;7.88946155777;-0.137678530494;-0.708333333333;0.4;0;0;0
21.0901052735;7.88609730001;-0.154515503622;-0.75;0.4;0;0;0
21.1127637809;7.88234303902;-0.1723145895;-0.791666666667;0.4;0;0;0
21.1353514723;7.87817853047;-0.191075788128;-0.833333333333;0.4;0;0;0
21.1578566528;7.87358386528;-0.210799099507;-0.875;0.4;0;0;0
21.1802664059;7.86853951964;-0.231484523635;-0.916666666667;0.4;0;0;0
21.2025665571;7.86302641039;-0.253132060514;-0.958333333333;0.4;0;0;0
21.2247416374;7.85702595623;-0.275741710143;-1.0;0.4;0;0;0
21.2467748467;7.85052014504;-0.299313472521;-1.04166666667;0.4;0;0;0
21.2686480193;7.84349160765;-0.323847347651;-1.08333333333;0.4;0;0;0
21.2903415917;7.83592369829;-0.34934333553;-1.125;0.4;0;0;0
21.3118345732;7.82780058186;-0.375801436159;-1.16666666667;0.4;0;0;0
21.3331045208;7.81910732815;-0.403221649539;-1.20833333333;0.4;0;0;0
21.3541275193;7.80983001296;-0.431603975669;-1.25;0.4;0;0;0
21.3748781665;7.7999558262;-0.460948414549;-1.29166666667;0.4;0;0;0
21.3953295665;7.78947318675;-0.491254966179;-1.33333333333;0.4;0;0;0
21.4073907732;7.78287754598;-0.509584322192;-1.33333333333;0.4;0;0;0
21.4193290669;7.77606195136;-0.527913678204;-1.33333333333;0.4;0;0;0
21.4311404367;7.76902869262;-0.546243034217;-1.33333333333;0.4;0;0;0
21.4428209146;7.76178013264;-0.56457239023;-1.33333333333;0.4;0;0;0
21.4543665765;7.75431870661;-0.582901746243;-1.33333333333;0.4;0;0;0
21.4657735434;7.74664692123;-0.601231102256;-1.33333333333;0.4;0;0;0
21.4770379832;7.73876735389;-0.619560458269;-1.33333333333;0.4;0;0;0
21.4881561116;7.73068265178;-0.637889814281;-1.33333333333;0.4;0;0;0
21.4991241932;7.722395531;-0.656219170294;-1.33333333333;0.4;0;0;0
21.5099385434;7.71390877566;-0.674548526307;-1.33333333333;0.4;0;0;0
21.5205955289;7.70522523693;-0.69287788232;-1.33333333333;0.4;0;0;0
21.5310915696;7.6963478321;-0.711207238333;-1.33333333333;0.4;0;0;0
21.5414231391;7.68727954358;-0.729536594346;-1.33333333333;0.4;0;0;0
21.5515867666;7.67802341792;-0.747865950358;-1.33333333333;0.4;0;0;0
21.5615790375;7.66858256477;-0.766195306371;-1.33333333333;0.4;0;0;0
21.5713965948;7.65896015584;-0.784524662384;-1.33333333333;0.4;0;0;0
21.5810361404;7.64915942384;-0.802854018397;-1.33333333333;0.4;0;0;0
21.5904944356;7.63918366137;-0.82118337441;-1.33333333333;0.4;0;0;0
21.599768303;7.62903621986;-0.839512730423;-1.33333333333;0.4;0;0;0
21.608854627;7.6187205084;-0.857842086435;-1.33333333333;0.4;0;0;0
21.6177503548;7.6082399926;-0.876171442448;-1.33333333333;0.4;0;0;0
21.6264524981;7.59759819347;-0.894500798461;-1.33333333333;0.4;0;0;0
21.6349581332;7.58679868618;-0.912830154474;-1.33333333333;0.4;0;0;0
21.6432644025;7.57584509888;-0.931159510487;-1.33333333333;0.4;0;0;0
21.6513685157;7.5647411115;-0.9494888665;-1.33333333333;0.4;0;0;0
21.65926775;7.55349045448;-0.967818222512;-1.33333333333;0.4;0;0;0
21.6669594517;7.54209690756;-0.986147578525;-1.33333333333;0.4;0;0;0
21.6744410366;7.53056429846;-1.00447693454;-1.33333333333;0.4;0;0;0
21.6817099913;7.51889650162;-1.02280629055;-1.33333333333;0.4;0;0;0
21.6887638738;7.50709743692;-1.04113564656;-1.33333333333;0.4;0;0;0
21.6956003142;7.49517106832;-1.05946500258;-1.33333333333;0.4;0;0;0
21.7022170159;7.48312140256;-1.07779435859;-1.33333333333;0.4;0;0;0
21.712735368;7.46268834699;-1.10810091022;-1.29166666667;0.4;0;0;0
21.7226457911;7.44195498163;-1.1374453491;-1.25;0.4;0;0;0
21.7319598193;7.42094822277;-1.16582767523;-1.20833333333;0.4;0;0;0
21.7406902184;7.39969349473;-1.19324788861;-1.16666666667;0.4;0;0;0
21.7488508706;7.37821473714;-1.21970598924;-1.125;0.4;0;0;0
21.7564566672;7.35653441899;-1.24520197712;-1.08333333333;0.4;0;0;0
21.7635234063;7.33467355861;-1.26973585225;-1.04166666667;0.4;0;0;0
21.7700676996;7.31265174863;-1.29330761463;-1.0;0.4;0;0;0
21.7761068845;7.29048718496;-1.31591726425;-0.958333333333;0.4;0;0;0
21.7816589437;7.26819669911;-1.33756480113;-0.916666666667;0.4;0;0;0
21.7867424315;7.24579579269;-1.35825022526;-0.875;0.4;0;0;0
21.7913764063;7.22329867345;-1.37797353664;-0.833333333333;0.4;0;0;0
21.7955803692;7.20071829193;-1.39673473527;-0.791666666667;0.4;0;0;0
21.7993742089;7.1780663778;-1.41453382115;-0.75;0.4;0;0;0
21.8027781513;7.15535347517;-1.43137079427;-0.708333333333;0.4;0;0;0
21.8058127145;7.13258897595;-1.44724565465;-0.666666666667;0.4;0;0;0
21.8084986681;7.10978115039;-1.46215840228;-0.625;0.4;0;0;0
21.8108569957;7.08693717404;-1.47610903716;-0.583333333333;0.4;0;0;0
21.8129088617;7.06406315021;-1.48909755928;-0.541666666667;0.4;0;0;0
21.8146755792;7.04116412698;-1.50112396866;-0.5;0.4;0;0;0
21.81617858;7.01824410811;-1.51218826529;-0.458333333333;0.4;0;0;0
21.8174393858;6.99530605661;-1.52229044916;-0.416666666667;0.4;0;0;0
21.818479578;6.97235189033;-1.53143052029;-0.375;0.4;0;0;0
21.8193207672;6.94938246834;-1.53960847867;-0.333333333333;0.4;0;0;0
21.8199845596;6.92639756724;-1.54682432429;-0.291666666667;0.4;0;0;0
21.8204925198;6.9033958462;-1.55307805717;-0.25;0.4;0;0;0
21.8208661286;6.88037479966;-1.5583696773;-0.208333333333;0.4;0;0;0
21.8211267344;6.85733069634;-1.56269918467;-0.166666666667;0.4;0;0;0
21.8212954957;6.83425850332;-1.5660665793;-0.125;0.4;0;0;0
21.8213933141;6.81115179364;-1.56847186117;-0.0833333333333;0.4;0;0;0
21.8214407551;6.78800263586;-1.5699150303;-0.0416666666667;0.4;0;0;0
21.8214579542;6.76480146372;-1.57039608667;-0.0;0.4;0;0;0
21.8214579542;6.76480146372;-1.57039608667;0.0;0.4;0;0;0
21.8214687981;6.73770805201;-1.57039608667;0.0;0.4;0;0;0
21.8214796419;6.7106146403;-1.57039608667;0.0;0.4;0;0;0
21.8214904858;6.68352122859;-1.57039608667;0.0;0.4;0;0;0
21.8215013297;6.65642781689;-1.57039608667;0.0;0.4;0;0;0
21.8215121735;6.62933440518;-1.57039608667;0.0;0.4;0;0;0
21.8215230174;6.60224099347;-1.57039608667;0.0;0.4;0;0;0
21.8215338613;6.57514758176;-1.57039608667;0.0;0.4;0;0;0
21.8215447052;6.54805417006;-1.57039608667;0.0;0.4;0;0;0
21.821555549;6.52096075835;-1.57039608667;0.0;0.4;0;0;0
21.8215663929;6.49386734664;-1.57039608667;0.0;0.4;0;0;0
21.8215772368;6.46677393493;-1.57039608667;0.0;0.4;0;0;0
21.8215880806;6.43968052323;-1.57039608667;0.0;0.4;0;0;0
21.8215989245;6.41258711152;-1.57039608667;0.0;0.4;0;0;0
21.8216097684;6.38549369981;-1.57039608667;0.0;0.4;0;0;0
21.8216206123;6.3584002881;-1.57039608667;0.0;0.4;0;0;0
21.8216314561;6.33130687639;-1.57039608667;0.0;0.4;0;0;0
21.8216423;6.30421346469;-1.57039608667;0.0;0.4;0;0;0
21.8216531439;6.27712005298;-1.57039608667;0.0;0.4;0;0;0
21.8216639877;6.25002664127;-1.57039608667;0.0;0.4;0;0;0
21.8216748316;6.22293322956;-1.57039608667;0.0;0.4;0;0;0
21.8216856755;6.19583981786;-1.57039608667;0.0;0.4;0;0;0
21.8216965193;6.16874640615;-1.57039608667;0.0;0.4;0;0;0
21.8217073632;6.14165299444;-1.57039608667;0.0;0.4;0;0;0
21.8217182071;6.11455958273;-1.57039608667;0.0;0.4;0;0;0
21.821729051;6.08746617103;-1.57039608667;0.0;0.4;0;0;0
21.8217398948;6.06037275932;-1.57039608667;0.0;0.4;0;0;0
21.8217507387;6.03327934761;-1.57039608667;0.0;0.4;0;0;0
21.8217615826;6.0061859359;-1.57039608667;0.0;0.4;0;0;0
21.8217724264;5.9790925242;-1.57039608667;0.0;0.4;0;0;0
21.8217832703;5.95199911249;-1.57039608667;0.0;0.4;0;0;0
21.8217941142;5.92490570078;-1.57039608667;0.0;0.4;0;0;0
21.8218049581;5.89781228907;-1.57039608667;0.0;0.4;0;0;0
21.8218158019;5.87071887736;-1.57039608667;0.0;0.4;0;0;0
21.8218266458;5.84362546566;-1.57039608667;0.0;0.4;0;0;0
21.8218374897;5.81653205395;-1.57039608667;0.0;0.4;0;0;0
21.8218483335;5.78943864224;-1.57039608667;0.0;0.4;0;0;0
21.8218591774;5.76234523053;-1.57039608667;0.0;0.4;0;0;0
21.8218700213;5.73525181883;-1.57039608667;0.0;0.4;0;0;0
21.8218808652;5.70815840712;-1.57039608667;0.0;0.4;0;0;0
21.821891709;5.68106499541;-1.57039608667;0.0;0.4;0;0;0
21.8219025529;5.6539715837;-1.57039608667;0.0;0.4;0;0;0
21.8219133968;5.626878172;-1.57039608667;0.0;0.4;0;0;0
21.8219242406;5.59978476029;-1.57039608667;0.0;0.4;0;0;0
21.8219350845;5.57269134858;-1.57039608667;0.0;0.4;0;0;0
21.8219459284;5.54559793687;-1.57039608667;0.0;0.4;0;0;0
21.8219567723;5.51850452517;-1.57039608667;0.0;0.4;0;0;0
21.8219676161;5.49141111346;-1.57039608667;0.0;0.4;0;0;0
21.82197846;5.46431770175;-1.57039608667;0.0;0.4;0;0;0
21.8219893039;5.43722429004;-1.57039608667;0.0;0.4;0;0;0
21.8220001477;5.41013087833;-1.57039608667;0.0;0.4;0;0;0
21.8220109916;5.38303746663;-1.57039608667;0.0;0.4;0;0;0
21.8220218355;5.35594405492;-1.57039608667;0.0;0.4;0;0;0
21.8220326794;5.32885064321;-1.57039608667;0.0;0.4;0;0;0
21.8220435232;5.3017572315;-1.57039608667;0.0;0.4;0;0;0
21.8220543671;5.2746638198;-1.57039608667;0.0;0.4;0;0;0
21.822065211;5.24757040809;-1.57039608667;0.0;0.4;0;0;0
21.8220760548;5.22047699638;-1.57039608667;0.0;0.4;0;0;0
21.8220868987;5.19338358467;-1.57039608667;0.0;0.4;0;0;0
21.8220977426;5.16629017297;-1.57039608667;0.0;0.4;0;0;0
21.8221085864;5.13919676126;-1.57039608667;0.0;0.4;0;0;0
21.8221194303;5.11210334955;-1.57039608667;0.0;0.4;0;0;0
21.8221302742;5.08500993784;-1.57039608667;0.0;0.4;0;0;0
21.8221411181;5.05791652614;-1.57039608667;0.0;0.4;0;0;0
21.8221519619;5.03082311443;-1.57039608667;0.0;0.4;0;0;0
21.8221628058;5.00372970272;-1.57039608667;0.0;0.4;0;0;0
21.8221736497;4.97663629101;-1.57039608667;0.0;0.4;0;0;0
21.8221844935;4.9495428793;-1.57039608667;0.0;0.4;0;0;0
21.8221953374;4.9224494676;-1.57039608667;0.0;0.4;0;0;0
21.8222061813;4.89535605589;-1.57039608667;0.0;0.4;0;0;0
21.8222170252;4.86826264418;-1.57039608667;0.0;0.4;0;0;0
21.822227869;4.84116923247;-1.57039608667;0.0;0.4;0;0;0
21.8222387129;4.81407582077;-1.57039608667;0.0;0.4;0;0;0
21.8222495568;4.78698240906;-1.57039608667;0.0;0.4;0;0;0
21.8222604006;4.75988899735;-1.57039608667;0.0;0.4;0;0;0
21.8222712445;4.73279558564;-1.57039608667;0.0;0.4;0;0;0
21.8222820884;4.70570217394;-1.57039608667;0.0;0.4;0;0;0
21.8222929323;4.67860876223;-1.57039608667;0.0;0.4;0;0;0
21.8223037761;4.65151535052;-1.57039608667;0.0;0.4;0;0;0
21.82231462;4.62442193881;-1.57039608667;0.0;0.4;0;0;0
21.8223254639;4.59732852711;-1.57039608667;0.0;0.4;0;0;0
21.8223363077;4.5702351154;-1.57039608667;0.0;0.4;0;0;0
21.8223471516;4.54314170369;-1.57039608667;0.0;0.4;0;0;0
21.8223579955;4.51604829198;-1.57039608667;0.0;0.4;0;0;0
21.8223688394;4.48895488028;-1.57039608667;0.0;0.4;0;0;0
21.8223796832;4.46186146857;-1.57039608667;0.0;0.4;0;0;0
21.8223905271;4.43476805686;-1.57039608667;0.0;0.4;0;0;0
21.822401371;4.40767464515;-1.57039608667;0.0;0.4;0;0;0
21.8224122148;4.38058123344;-1.57039608667;0.0;0.4;0;0;0
21.8224230587;4.35348782174;-1.57039608667;0.0;0.4;0;0;0
21.8224339026;4.32639441003;-1.57039608667;0.0;0.4;0;0;0
21.8224447464;4.29930099832;-1.57039608667;0.0;0.4;0;0;0
21.8224555903;4.27220758661;-1.57039608667;0.0;0.4;0;0;0
21.8224664342;4.24511417491;-1.57039608667;0.0;0.4;0;0;0
21.8224772781;4.2180207632;-1.57039608667;0.0;0.4;0;0;0
21.8224881219;4.19092735149;-1.57039608667;0.0;0.4;0;0;0
21.8224989658;4.16383393978;-1.57039608667;0.0;0.4;0;0;0
21.8225098097;4.13674052808;-1.57039608667;0.0;0.4;0;0;0
21.8225206535;4.10964711637;-1.57039608667;0.0;0.4;0;0;0
21.8225314974;4.08255370466;-1.57039608667;0.0;0.4;0;0;0
21.8225423413;4.05546029295;-1.57039608667;0.0;0.4;0;0;0
21.8225423413;4.05546029295;-1.57039608667;-0.0;0.4;0;0;0
21.8225437143;4.03225911447;-1.57087714305;-0.0416666666667;0.4;0;0;0
21.8225148037;4.00910992614;-1.57232031217;-0.0833333333333;0.4;0;0;0
21.8224354818;3.98600314556;-1.57472559405;-0.125;0.4;0;0;0
21.8222851894;3.96293082484;-1.57809298867;-0.166666666667;0.4;0;0;0
21.8220430301;3.93988652029;-1.58242249605;-0.208333333333;0.4;0;0;0
21.8216878492;3.91686518206;-1.58771411618;-0.25;0.4;0;0;0
21.8211983016;3.89386306178;-1.59396784905;-0.291666666667;0.4;0;0;0
21.8205529084;3.87087763669;-1.60118369468;-0.333333333333;0.4;0;0;0
21.8197301061;3.8479075487;-1.60936165305;-0.375;0.4;0;0;0
21.8187082885;3.82495255713;-1.61850172418;-0.416666666667;0.4;0;0;0
21.8174658446;3.80201350373;-1.62860390806;-0.458333333333;0.4;0;0;0
21.8159811913;3.77909228908;-1.63966820468;-0.5;0.4;0;0;0
21.8142328046;3.75619185896;-1.65169461406;-0.541666666667;0.4;0;0;0
21.8121992495;3.73331619998;-1.66468313619;-0.583333333333;0.4;0;0;0
21.8098592087;3.71047034316;-1.67863377107;-0.625;0.4;0;0;0
21.8071915133;3.68766037485;-1.69354651869;-0.666666666667;0.4;0;0;0
21.8041751735;3.66489345382;-1.70942137907;-0.708333333333;0.4;0;0;0
21.8007894134;3.64217783368;-1.7262583522;-0.75;0.4;0;0;0
21.7970137073;3.61952288991;-1.74405743808;-0.791666666667;0.4;0;0;0
21.7928278209;3.59693915043;-1.7628186367;-0.833333333333;0.4;0;0;0
21.7882118561;3.574438329;-1.78254194808;-0.875;0.4;0;0;0
21.7831463014;3.55203336052;-1.80322737221;-0.916666666667;0.4;0;0;0
21.7776120871;3.5297384375;-1.82487490909;-0.958333333333;0.4;0;0;0
21.7715906464;3.50756904669;-1.84748455872;-1.0;0.4;0;0;0
21.7650639832;3.48554200518;-1.8710563211;-1.04166666667;0.4;0;0;0
21.7580147456;3.46367549502;-1.89559019623;-1.08333333333;0.4;0;0;0
21.7504263062;3.44198909553;-1.92108618411;-1.125;0.4;0;0;0
21.7422828498;3.42050381238;-1.94754428474;-1.16666666667;0.4;0;0;0
21.7335694675;3.39924210264;-1.97496449812;-1.20833333333;0.4;0;0;0
21.7242722578;3.37822789481;-2.00334682425;-1.25;0.4;0;0;0
21.7143784345;3.357486603;-2.03269126312;-1.29166666667;0.4;0;0;0
21.703876442;3.33704513425;-2.06299781476;-1.33333333333;0.4;0;0;0
21.6972802251;3.32500952635;-2.08129759947;-1.33333333333;0.4;0;0;0
21.6904648758;3.31309663627;-2.09959738418;-1.33333333333;0.4;0;0;0
21.6834326765;3.30131045331;-2.11789716889;-1.33333333333;0.4;0;0;0
21.676185982;3.28965492433;-2.1361969536;-1.33333333333;0.4;0;0;0
21.6687272192;3.27813395246;-2.15449673831;-1.33333333333;0.4;0;0;0
21.6610588857;3.26675139575;-2.17279652303;-1.33333333333;0.4;0;0;0
21.6531835494;3.25551106592;-2.19109630774;-1.33333333333;0.4;0;0;0
21.6451038476;3.24441672704;-2.20939609245;-1.33333333333;0.4;0;0;0
21.636822486;3.23347209431;-2.22769587716;-1.33333333333;0.4;0;0;0
21.6283422377;3.22268083279;-2.24599566187;-1.33333333333;0.4;0;0;0
21.6196659426;3.21204655617;-2.26429544658;-1.33333333333;0.4;0;0;0
21.6107965061;3.20157282559;-2.2825952313;-1.33333333333;0.4;0;0;0
21.6017368984;3.19126314841;-2.30089501601;-1.33333333333;0.4;0;0;0
21.5924901532;3.18112097706;-2.31919480072;-1.33333333333;0.4;0;0;0
21.5830593671;3.17114970789;-2.33749458543;-1.33333333333;0.4;0;0;0
21.5734476981;3.16135267999;-2.35579437014;-1.33333333333;0.4;0;0;0
21.563658365;3.15173317412;-2.37409415485;-1.33333333333;0.4;0;0;0
21.5536946459;3.14229441161;-2.39239393956;-1.33333333333;0.4;0;0;0
21.5435598774;3.13303955322;-2.41069372428;-1.33333333333;0.4;0;0;0
21.5332574534;3.12397169816;-2.42899350899;-1.33333333333;0.4;0;0;0
21.5227908239;3.11509388301;-2.4472932937;-1.33333333333;0.4;0;0;0
21.5121634938;3.1064090807;-2.46559307841;-1.33333333333;0.4;0;0;0
21.5013790219;3.09792019955;-2.48389286312;-1.33333333333;0.4;0;0;0
21.4904410198;3.08963008224;-2.50219264783;-1.33333333333;0.4;0;0;0
21.4793531502;3.08154150492;-2.52049243255;-1.33333333333;0.4;0;0;0
21.4681191261;3.07365717621;-2.53879221726;-1.33333333333;0.4;0;0;0
21.4567427095;3.06597973638;-2.55709200197;-1.33333333333;0.4;0;0;0
21.4452277101;3.05851175639;-2.57539178668;-1.33333333333;0.4;0;0;0
21.433577984;3.05125573705;-2.59369157139;-1.33333333333;0.4;0;0;0
21.4217974322;3.04421410822;-2.6119913561;-1.33333333333;0.4;0;0;0
21.4098899999;3.03738922794;-2.63029114082;-1.33333333333;0.4;0;0;0
21.3978596744;3.03078338169;-2.64859092553;-1.33333333333;0.4;0;0;0
21.3774266163;3.02026503452;-2.67889747716;-1.29166666667;0.4;0;0;0
21.3566932486;3.0103546164;-2.70824191604;-1.25;0.4;0;0;0
21.3356864875;3.00104059321;-2.73662424217;-1.20833333333;0.4;0;0;0
21.3144317573;2.99231019925;-2.76404445555;-1.16666666667;0.4;0;0;0
21.2929529978;2.98414955212;-2.79050255618;-1.125;0.4;0;0;0
21.2712726778;2.97654376082;-2.81599854406;-1.08333333333;0.4;0;0;0
21.2494118157;2.96947702694;-2.84053241919;-1.04166666667;0.4;0;0;0
21.2273900042;2.96293273893;-2.86410418156;-1.0;0.4;0;0;0
21.2052254391;2.95689355936;-2.88671383119;-0.958333333333;0.4;0;0;0
21.1829349519;2.95134150548;-2.90836136807;-0.916666666667;0.4;0;0;0
21.1605340442;2.94625802305;-2.9290467922;-0.875;0.4;0;0;0
21.1380369239;2.9416240537;-2.94877010358;-0.833333333333;0.4;0;0;0
21.1154565414;2.9374200962;-2.96753130221;-0.791666666667;0.4;0;0;0
21.0928046263;2.93362626195;-2.98533038808;-0.75;0.4;0;0;0
21.0700917229;2.93022232498;-3.00216736121;-0.708333333333;0.4;0;0;0
21.0473272229;2.9271877672;-3.01804222159;-0.666666666667;0.4;0;0;0
21.0245193967;2.92450181914;-3.03295496922;-0.625;0.4;0;0;0
21.0016754198;2.92214349697;-3.0469056041;-0.583333333333;0.4;0;0;0
20.9788013955;2.92009163648;-3.05989412622;-0.541666666667;0.4;0;0;0
20.9559023718;2.91832492455;-3.0719205356;-0.5;0.4;0;0;0
20.9329823526;2.91682192921;-3.08298483223;-0.458333333333;0.4;0;0;0
20.9100443008;2.91556112894;-3.0930870161;-0.416666666667;0.4;0;0;0
20.8870901343;2.91452094222;-3.10222708723;-0.375;0.4;0;0;0
20.8641207121;2.91367975851;-3.11040504561;-0.333333333333;0.4;0;0;0
20.8411358108;2.91301597166;-3.11762089123;-0.291666666667;0.4;0;0;0
20.8181340897;2.91250801702;-3.12387462411;-0.25;0.4;0;0;0
20.795113043;2.91213441371;-3.12916624423;-0.208333333333;0.4;0;0;0
20.7720689396;2.91187381347;-3.13349575161;-0.166666666667;0.4;0;0;0
20.7489967466;2.91170505773;-3.13686314624;-0.125;0.4;0;0;0
20.7258900369;2.91160724486;-3.13926842811;-0.0833333333333;0.4;0;0;0
20.7027408791;2.91155980941;-3.14071159724;-0.0416666666667;0.4;0;0;0
20.6795397069;2.91154261588;-3.14119265361;-0.0;0.4;0;0;0
20.6795397069;2.91154261588;-3.14119265361;0.0;0.4;0;0;0
20.6024089128;2.91151176357;-3.14119265361;0.0;0.4;0;0;0
20.5252781187;2.91148091125;-3.14119265361;0.0;0.4;0;0;0
20.4481473245;2.91145005893;-3.14119265361;0.0;0.4;0;0;0
20.3710165304;2.91141920661;-3.14119265361;0.0;0.4;0;0;0
20.2938857362;2.91138835429;-3.14119265361;0.0;0.4;0;0;0
20.2167549421;2.91135750198;-3.14119265361;0.0;0.4;0;0;0
20.139624148;2.91132664966;-3.14119265361;0.0;0.4;0;0;0
20.0624933538;2.91129579734;-3.14119265361;0.0;0.4;0;0;0
19.9853625597;2.91126494502;-3.14119265361;0.0;0.4;0;0;0
19.9082317655;2.91123409271;-3.14119265361;0.0;0.4;0;0;0
19.8311009714;2.91120324039;-3.14119265361;0.0;0.4;0;0;0
19.7539701772;2.91117238807;-3.14119265361;0.0;0.4;0;0;0
19.6768393831;2.91114153575;-3.14119265361;0.0;0.4;0;0;0
19.599708589;2.91111068344;-3.14119265361;0.0;0.4;0;0;0
19.5225777948;2.91107983112;-3.14119265361;0.0;0.4;0;0;0
19.4454470007;2.9110489788;-3.14119265361;0.0;0.4;0;0;0
19.3683162065;2.91101812648;-3.14119265361;0.0;0.4;0;0;0
19.2911854124;2.91098727416;-3.14119265361;0.0;0.4;0;0;0
19.2140546183;2.91095642185;-3.14119265361;0.0;0.4;0;0;0
19.1369238241;2.91092556953;-3.14119265361;0.0;0.4;0;0;0
19.05979303;2.91089471721;-3.14119265361;0.0;0.4;0;0;0
18.9826622358;2.91086386489;-3.14119265361;0.0;0.4;0;0;0
18.9055314417;2.91083301258;-3.14119265361;0.0;0.4;0;0;0
18.8284006476;2.91080216026;-3.14119265361;0.0;0.4;0;0;0
18.7512698534;2.91077130794;-3.14119265361;0.0;0.4;0;0;0
18.6741390593;2.91074045562;-3.14119265361;0.0;0.4;0;0;0
18.5970082651;2.91070960331;-3.14119265361;0.0;0.4;0;0;0
18.519877471;2.91067875099;-3.14119265361;0.0;0.4;0;0;0
18.4427466768;2.91064789867;-3.14119265361;0.0;0.4;0;0;0
18.3656158827;2.91061704635;-3.14119265361;0.0;0.4;0;0;0
18.2884850886;2.91058619404;-3.14119265361;0.0;0.4;0;0;0
18.2113542944;2.91055534172;-3.14119265361;0.0;0.4;0;0;0
18.1342235003;2.9105244894;-3.14119265361;0.0;0.4;0;0;0
18.0570927061;2.91049363708;-3.14119265361;0.0;0.4;0;0;0
17.979961912;2.91046278476;-3.14119265361;0.0;0.4;0;0;0
17.9028311179;2.91043193245;-3.14119265361;0.0;0.4;0;0;0
17.8257003237;2.91040108013;-3.14119265361;0.0;0.4;0;0;0
17.7485695296;2.91037022781;-3.14119265361;0.0;0.4;0;0;0
17.6714387354;2.91033937549;-3.14119265361;0.0;0.4;0;0;0
17.5943079413;2.91030852318;-3.14119265361;0.0;0.4;0;0;0
17.5171771472;2.91027767086;-3.14119265361;0.0;0.4;0;0;0
17.440046353;2.91024681854;-3.14119265361;0.0;0.4;0;0;0
17.3629155589;2.91021596622;-3.14119265361;0.0;0.4;0;0;0
17.2857847647;2.91018511391;-3.14119265361;0.0;0.4;0;0;0
17.2086539706;2.91015426159;-3.14119265361;0.0;0.4;0;0;0
17.1315231765;2.91012340927;-3.14119265361;0.0;0.4;0;0;0
17.0543923823;2.91009255695;-3.14119265361;0.0;0.4;0;0;0
16.9772615882;2.91006170464;-3.14119265361;0.0;0.4;0;0;0
16.900130794;2.91003085232;-3.14119265361;0.0;0.4;0;0;0
16.8229999999;2.91;-3.14119265361;0.0;0.4;0;0;0
16.7458692057;2.90996914768;-3.14119265361;0.0;0.4;0;0;0
16.6687384116;2.90993829536;-3.14119265361;0.0;0.4;0;0;0
16.5916076175;2.90990744305;-3.14119265361;0.0;0.4;0;0;0
16.5144768233;2.90987659073;-3.14119265361;0.0;0.4;0;0;0
16.4373460292;2.90984573841;-3.14119265361;0.0;0.4;0;0;0
16.360215235;2.90981488609;-3.14119265361;0.0;0.4;0;0;0
16.2830844409;2.90978403378;-3.14119265361;0.0;0.4;0;0;0
16.2059536468;2.90975318146;-3.14119265361;0.0;0.4;0;0;0
16.1288228526;2.90972232914;-3.14119265361;0.0;0.4;0;0;0
16.0516920585;2.90969147682;-3.14119265361;0.0;0.4;0;0;0
15.9745612643;2.90966062451;-3.14119265361;0.0;0.4;0;0;0
15.8974304702;2.90962977219;-3.14119265361;0.0;0.4;0;0;0
15.8202996761;2.90959891987;-3.14119265361;0.0;0.4;0;0;0
15.7431688819;2.90956806755;-3.14119265361;0.0;0.4;0;0;0
15.6660380878;2.90953721524;-3.14119265361;0.0;0.4;0;0;0
15.5889072936;2.90950636292;-3.14119265361;0.0;0.4;0;0;0
15.5117764995;2.9094755106;-3.14119265361;0.0;0.4;0;0;0
15.4346457053;2.90944465828;-3.14119265361;0.0;0.4;0;0;0
15.3575149112;2.90941380596;-3.14119265361;0.0;0.4;0;0;0
15.2803841171;2.90938295365;-3.14119265361;0.0;0.4;0;0;0
15.2032533229;2.90935210133;-3.14119265361;0.0;0.4;0;0;0
15.1261225288;2.90932124901;-3.14119265361;0.0;0.4;0;0;0
15.0489917346;2.90929039669;-3.14119265361;0.0;0.4;0;0;0
14.9718609405;2.90925954438;-3.14119265361;0.0;0.4;0;0;0
14.8947301464;2.90922869206;-3.14119265361;0.0;0.4;0;0;0
14.8175993522;2.90919783974;-3.14119265361;0.0;0.4;0;0;0
14.7404685581;2.90916698742;-3.14119265361;0.0;0.4;0;0;0
14.6633377639;2.90913613511;-3.14119265361;0.0;0.4;0;0;0
14.5862069698;2.90910528279;-3.14119265361;0.0;0.4;0;0;0
14.5090761757;2.90907443047;-3.14119265361;0.0;0.4;0;0;0
14.4319453815;2.90904357815;-3.14119265361;0.0;0.4;0;0;0
14.3548145874;2.90901272583;-3.14119265361;0.0;0.4;0;0;0
14.2776837932;2.90898187352;-3.14119265361;0.0;0.4;0;0;0
14.2005529991;2.9089510212;-3.14119265361;0.0;0.4;0;0;0
14.123422205;2.90892016888;-3.14119265361;0.0;0.4;0;0;0
14.0462914108;2.90888931656;-3.14119265361;0.0;0.4;0;0;0
13.9691606167;2.90885846425;-3.14119265361;0.0;0.4;0;0;0
13.8920298225;2.90882761193;-3.14119265361;0.0;0.4;0;0;0
13.8148990284;2.90879675961;-3.14119265361;0.0;0.4;0;0;0
13.7377682342;2.90876590729;-3.14119265361;0.0;0.4;0;0;0
13.6606374401;2.90873505498;-3.14119265361;0.0;0.4;0;0;0
13.583506646;2.90870420266;-3.14119265361;0.0;0.4;0;0;0
13.5063758518;2.90867335034;-3.14119265361;0.0;0.4;0;0;0
13.4292450577;2.90864249802;-3.14119265361;0.0;0.4;0;0;0
13.3521142635;2.90861164571;-3.14119265361;0.0;0.4;0;0;0
13.2749834694;2.90858079339;-3.14119265361;0.0;0.4;0;0;0
13.1978526753;2.90854994107;-3.14119265361;0.0;0.4;0;0;0
13.1207218811;2.90851908875;-3.14119265361;0.0;0.4;0;0;0
13.043591087;2.90848823643;-3.14119265361;0.0;0.4;0;0;0
12.9664602928;2.90845738412;-3.14119265361;0.0;0.4;0;0;0
12.9664602928;2.90845738412;-3.14119265361;-0.0;0.4;0;0;0
12.9432591144;2.90845601671;3.14151159719;-0.0416666666667;0.4;0;0;0
12.920109926;2.90848493281;3.14006842807;-0.0833333333333;0.4;0;0;0
12.8970031455;2.90856426029;3.13766314619;-0.125;0.4;0;0;0
12.8739308248;2.90871455822;3.13429575157;-0.166666666667;0.4;0;0;0
12.8508865203;2.9089567231;3.12996624419;-0.208333333333;0.4;0;0;0
12.8278651821;2.90931190946;3.12467462407;-0.25;0.4;0;0;0
12.804863062;2.90980146256;3.11842089119;-0.291666666667;0.4;0;0;0
12.7818776371;2.91044686128;3.11120504556;-0.333333333333;0.4;0;0;0
12.7589075493;2.91126966918;3.10302708719;-0.375;0.4;0;0;0
12.7359525579;2.91229149224;3.09388701606;-0.416666666667;0.4;0;0;0
12.7130135048;2.91353394167;3.08378483218;-0.458333333333;0.4;0;0;0
12.6900922905;2.91501860052;3.07272053556;-0.5;0.4;0;0;0
12.6671918608;2.91676699266;3.06069412618;-0.541666666667;0.4;0;0;0
12.6443162023;2.91880055329;3.04770560405;-0.583333333333;0.4;0;0;0
12.6214703461;2.92114059952;3.03375496918;-0.625;0.4;0;0;0
12.5986603784;2.92380830047;3.01884222155;-0.666666666667;0.4;0;0;0
12.5758934581;2.92682464568;3.00296736117;-0.708333333333;0.4;0;0;0
12.5531778388;2.93021041123;2.98613038804;-0.75;0.4;0;0;0
12.5305228959;2.93398612275;2.96833130216;-0.791666666667;0.4;0;0;0
12.5079391575;2.93817201459;2.94957010354;-0.833333333333;0.4;0;0;0
12.4854383371;2.94278798477;2.92984679216;-0.875;0.4;0;0;0
12.4630333699;2.94785354485;2.90916136803;-0.916666666667;0.4;0;0;0
12.4407384482;2.95338776456;2.88751383115;-0.958333333333;0.4;0;0;0
12.4185690588;2.95940921055;2.86490418152;-1.0;0.4;0;0;0
12.3965420189;2.96593587902;2.84133241914;-1.04166666667;0.4;0;0;0
12.3746755104;2.97298512195;2.81679854401;-1.08333333333;0.4;0;0;0
12.3529891127;2.98057356656;2.79130255613;-1.125;0.4;0;0;0
12.3315038315;2.98871702808;2.76484445551;-1.16666666667;0.4;0;0;0
12.3102421239;2.99743041547;2.73742424213;-1.20833333333;0.4;0;0;0
12.2892279183;3.00672763027;2.709041916;-1.25;0.4;0;0;0
12.2684866289;3.01662145852;2.67969747712;-1.29166666667;0.4;0;0;0
12.2480451626;3.02712345588;2.64939092549;-1.33333333333;0.4;0;0;0
12.2360095563;3.03371967576;2.63109114078;-1.33333333333;0.4;0;0;0
12.2240966679;3.04053502791;2.61279135608;-1.33333333333;0.4;0;0;0
12.2123104866;3.04756723004;2.59449157138;-1.33333333333;0.4;0;0;0
12.2006549594;3.05481392727;2.57619178667;-1.33333333333;0.4;0;0;0
12.1891339893;3.06227269287;2.55789200197;-1.33333333333;0.4;0;0;0
12.1777514344;3.06994102911;2.53959221727;-1.33333333333;0.4;0;0;0
12.1665111065;3.07781636807;2.52129243257;-1.33333333333;0.4;0;0;0
12.1554167696;3.08589607251;2.50299264786;-1.33333333333;0.4;0;0;0
12.1444721388;3.09417743676;2.48469286316;-1.33333333333;0.4;0;0;0
12.1336808794;3.10265768762;2.46639307846;-1.33333333333;0.4;0;0;0
12.1230466048;3.11133398527;2.44809329376;-1.33333333333;0.4;0;0;0
12.1125728764;3.12020342428;2.42979350905;-1.33333333333;0.4;0;0;0
12.1022632014;3.12926303449;2.41149372435;-1.33333333333;0.4;0;0;0
12.0921210323;3.1385097821;2.39319393965;-1.33333333333;0.4;0;0;0
12.0821497654;3.14794057061;2.37489415495;-1.33333333333;0.4;0;0;0
12.0723527398;3.15755224193;2.35659437024;-1.33333333333;0.4;0;0;0
12.0627332363;3.16734157735;2.33829458554;-1.33333333333;0.4;0;0;0
12.0532944761;3.1773052987;2.31999480084;-1.33333333333;0.4;0;0;0
12.0440396202;3.1874400694;2.30169501614;-1.33333333333;0.4;0;0;0
12.0349717676;3.19774249559;2.28339523143;-1.33333333333;0.4;0;0;0
12.026093955;3.20820912727;2.26509544673;-1.33333333333;0.4;0;0;0
12.0174091552;3.21883645944;2.24679566203;-1.33333333333;0.4;0;0;0
12.0089202767;3.2296209333;2.22849587732;-1.33333333333;0.4;0;0;0
12.000630162;3.24055893744;2.21019609262;-1.33333333333;0.4;0;0;0
11.9925415873;3.251646809;2.19189630792;-1.33333333333;0.4;0;0;0
11.9846572613;3.26288083496;2.17359652322;-1.33333333333;0.4;0;0;0
11.9769798242;3.27425725335;2.15529673851;-1.33333333333;0.4;0;0;0
11.969511847;3.28577225452;2.13699695381;-1.33333333333;0.4;0;0;0
11.9622558304;3.2974219824;2.11869716911;-1.33333333333;0.4;0;0;0
11.9552142044;3.30920253583;2.10039738441;-1.33333333333;0.4;0;0;0
11.948389327;3.32110996981;2.0820975997;-1.33333333333;0.4;0;0;0
11.9417834837;3.33314029687;2.063797815;-1.33333333333;0.4;0;0;0
11.9312651414;3.35357335749;2.03349126337;-1.29166666667;0.4;0;0;0
11.9213547282;3.3743067276;2.00414682449;-1.25;0.4;0;0;0
11.9120407101;3.39531349094;1.97576449836;-1.20833333333;0.4;0;0;0
11.9033103212;3.41656822317;1.94834428498;-1.16666666667;0.4;0;0;0
11.8951496793;3.43804698468;1.92188618435;-1.125;0.4;0;0;0
11.8875438932;3.45972730648;1.89639019647;-1.08333333333;0.4;0;0;0
11.8804771645;3.48158817024;1.87185632134;-1.04166666667;0.4;0;0;0
11.8739328818;3.50360998337;1.84828455896;-1.0;0.4;0;0;0
11.8678937075;3.52577454993;1.82567490934;-0.958333333333;0.4;0;0;0
11.862341659;3.54806503845;1.80402737246;-0.916666666667;0.4;0;0;0
11.857258182;3.57046594731;1.78334194833;-0.875;0.4;0;0;0
11.852624218;3.59296306877;1.76361863695;-0.833333333333;0.4;0;0;0
11.8484202659;3.61554345231;1.74485743832;-0.791666666667;0.4;0;0;0
11.8446264371;3.63819536827;1.72705835244;-0.75;0.4;0;0;0
11.8412225056;3.66090827253;1.71022137932;-0.708333333333;0.4;0;0;0
11.8381879533;3.68367277321;1.69434651894;-0.666666666667;0.4;0;0;0
11.8355020107;3.70648060006;1.67943377131;-0.625;0.4;0;0;0
11.833143694;3.72932457753;1.66548313643;-0.583333333333;0.4;0;0;0
11.831091839;3.75219860235;1.65249461431;-0.541666666667;0.4;0;0;0
11.8293251325;3.77509762643;1.64046820493;-0.5;0.4;0;0;0
11.8278221427;3.79801764602;1.6294039083;-0.458333333333;0.4;0;0;0
11.8265613479;3.82095569813;1.61930172443;-0.416666666667;0.4;0;0;0
11.8255211667;3.8439098649;1.6101616533;-0.375;0.4;0;0;0
11.8246799885;3.8668792873;1.60198369492;-0.333333333333;0.4;0;0;0
11.8240162072;3.88986418872;1.5947678493;-0.291666666667;0.4;0;0;0
11.823508258;3.91286591;1.58851411642;-0.25;0.4;0;0;0
11.8231346603;3.93588695672;1.58322249629;-0.208333333333;0.4;0;0;0
11.8228740655;3.95893106017;1.57889298892;-0.166666666667;0.4;0;0;0
11.8227053153;3.98200325327;1.57552559429;-0.125;0.4;0;0;0
11.822607508;4.00510996299;1.57312031242;-0.0833333333333;0.4;0;0;0
11.8225600781;4.02825912079;1.57167714329;-0.0416666666667;0.4;0;0;0
11.8225428901;4.05146029295;1.57119608692;-0.0;0.4;0;0;0
11.8225428901;4.05146029295;1.57119608692;0.0;0.4;0;0;0
11.8225274612;4.09005569002;1.57119608692;0.0;0.4;0;0;0
11.8225120323;4.12865108709;1.57119608692;0.0;0.4;0;0;0
11.8224966034;4.16724648416;1.57119608692;0.0;0.4;0;0;0
11.8224811745;4.20584188123;1.57119608692;0.0;0.4;0;0;0
11.8224657456;4.2444372783;1.57119608692;0.0;0.4;0;0;0
11.8224503167;4.28303267537;1.57119608692;0.0;0.4;0;0;0
11.8224348878;4.32162807244;1.57119608692;0.0;0.4;0;0;0
11.8224194589;4.36022346951;1.57119608692;0.0;0.4;0;0;0
11.82240403;4.39881886658;1.57119608692;0.0;0.4;0;0;0
11.8223886011;4.43741426365;1.57119608692;0.0;0.4;0;0;0
11.8223731722;4.47600966072;1.57119608692;0.0;0.4;0;0;0
11.8223577433;4.51460505779;1.57119608692;0.0;0.4;0;0;0
11.8223423144;4.55320045486;1.57119608692;0.0;0.4;0;0;0
11.8223268855;4.59179585194;1.57119608692;0.0;0.4;0;0;0
11.8223114566;4.63039124901;1.57119608692;0.0;0.4;0;0;0
11.8222960277;4.66898664608;1.57119608692;0.0;0.4;0;0;0
11.8222805988;4.70758204315;1.57119608692;0.0;0.4;0;0;0
11.8222651699;4.74617744022;1.57119608692;0.0;0.4;0;0;0
11.822249741;4.78477283729;1.57119608692;0.0;0.4;0;0;0
11.8222343121;4.82336823436;1.57119608692;0.0;0.4;0;0;0
11.8222188832;4.86196363143;1.57119608692;0.0;0.4;0;0;0
11.8222034543;4.9005590285;1.57119608692;0.0;0.4;0;0;0
11.8221880254;4.93915442557;1.57119608692;0.0;0.4;0;0;0
11.8221725965;4.97774982264;1.57119608692;0.0;0.4;0;0;0
11.8221571676;5.01634521971;1.57119608692;0.0;0.4;0;0;0
11.8221417387;5.05494061678;1.57119608692;0.0;0.4;0;0;0
11.8221263098;5.09353601385;1.57119608692;0.0;0.4;0;0;0
11.8221108809;5.13213141092;1.57119608692;0.0;0.4;0;0;0
11.822095452;5.17072680799;1.57119608692;0.0;0.4;0;0;0
11.8220800231;5.20932220506;1.57119608692;0.0;0.4;0;0;0
11.8220645942;5.24791760213;1.57119608692;0.0;0.4;0;0;0
11.8220491653;5.2865129992;1.57119608692;0.0;0.4;0;0;0
11.8220337364;5.32510839627;1.57119608692;0.0;0.4;0;0;0
11.8220183075;5.36370379335;1.57119608692;0.0;0.4;0;0;0
11.8220028786;5.40229919042;1.57119608692;0.0;0.4;0;0;0
11.8219874497;5.44089458749;1.57119608692;0.0;0.4;0;0;0
11.8219720208;5.47948998456;1.57119608692;0.0;0.4;0;0;0
11.8219565919;5.51808538163;1.57119608692;0.0;0.4;0;0;0
11.821941163;5.5566807787;1.57119608692;0.0;0.4;0;0;0
11.8219257341;5.59527617577;1.57119608692;0.0;0.4;0;0;0
11.8219103052;5.63387157284;1.57119608692;0.0;0.4;0;0;0
11.8218948763;5.67246696991;1.57119608692;0.0;0.4;0;0;0
11.8218794474;5.71106236698;1.57119608692;0.0;0.4;0;0;0
11.8218640185;5.74965776405;1.57119608692;0.0;0.4;0;0;0
11.8218485896;5.78825316112;1.57119608692;0.0;0.4;0;0;0
11.8218331607;5.82684855819;1.57119608692;0.0;0.4;0;0;0
11.8218177318;5.86544395526;1.57119608692;0.0;0.4;0;0;0
11.8218023029;5.90403935233;1.57119608692;0.0;0.4;0;0;0
11.821786874;5.9426347494;1.57119608692;0.0;0.4;0;0;0
11.8217714451;5.98123014647;1.57119608692;0.0;0.4;0;0;0
11.8217560162;6.01982554354;1.57119608692;0.0;0.4;0;0;0
11.8217405873;6.05842094061;1.57119608692;0.0;0.4;0;0;0
11.8217251584;6.09701633769;1.57119608692;0.0;0.4;0;0;0
11.8217097295;6.13561173476;1.57119608692;0.0;0.4;0;0;0
11.8216943006;6.17420713183;1.57119608692;0.0;0.4;0;0;0
11.8216788717;6.2128025289;1.57119608692;0.0;0.4;0;0;0
11.8216634428;6.25139792597;1.57119608692;0.0;0.4;0;0;0
11.8216480139;6.28999332304;1.57119608692;0.0;0.4;0;0;0
11.821632585;6.32858872011;1.57119608692;0.0;0.4;0;0;0
11.8216171561;6.36718411718;1.57119608692;0.0;0.4;0;0;0
11.8216017272;6.40577951425;1.57119608692;0.0;0.4;0;0;0
11.8215862983;6.44437491132;1.57119608692;0.0;0.4;0;0;0
11.8215708694;6.48297030839;1.57119608692;0.0;0.4;0;0;0
11.8215554405;6.52156570546;1.57119608692;0.0;0.4;0;0;0
11.8215400116;6.56016110253;1.57119608692;0.0;0.4;0;0;0
11.8215245827;6.5987564996;1.57119608692;0.0;0.4;0;0;0
11.8215091537;6.63735189667;1.57119608692;0.0;0.4;0;0;0
11.8214937248;6.67594729374;1.57119608692;0.0;0.4;0;0;0
11.8214782959;6.71454269081;1.57119608692;0.0;0.4;0;0;0
11.821462867;6.75313808788;1.57119608692;0.0;0.4;0;0;0
11.8214474381;6.79173348495;1.57119608692;0.0;0.4;0;0;0
11.8214320092;6.83032888203;1.57119608692;0.0;0.4;0;0;0
11.8214165803;6.8689242791;1.57119608692;0.0;0.4;0;0;0
11.8214011514;6.90751967617;1.57119608692;0.0;0.4;0;0;0
11.8213857225;6.94611507324;1.57119608692;0.0;0.4;0;0;0
11.8213702936;6.98471047031;1.57119608692;0.0;0.4;0;0;0
11.8213548647;7.02330586738;1.57119608692;0.0;0.4;0;0;0
11.8213394358;7.06190126445;1.57119608692;0.0;0.4;0;0;0
11.8213240069;7.10049666152;1.57119608692;0.0;0.4;0;0;0
11.821308578;7.13909205859;1.57119608692;0.0;0.390964282152;0;0;0
11.8212931491;7.17768745566;1.57119608692;0.0;0.38106484543;0;0;0
11.8212777202;7.21628285273;1.57119608692;0.0;0.370901284612;0;0;0
11.8212622913;7.2548782498;1.57119608692;0.0;0.360451258051;0;0;0
11.8212468624;7.29347364687;1.57119608692;0.0;0.349689084667;0;0;0
11.8212314335;7.33206904394;1.57119608692;0.0;0.338585000316;0;0;0
11.8212160046;7.37066444101;1.57119608692;0.0;0.327104186679;0;0;0
11.8212005757;7.40925983808;1.57119608692;0.0;0.315205481309;0;0;0
11.8211851468;7.44785523515;1.57119608692;0.0;0.302839630747;0;0;0
11.8211697179;7.48645063222;1.57119608692;0.0;0.28994687178;0;0;0
11.821154289;7.52504602929;1.57119608692;0.0;0.276453495111;0;0;0
11.8211388601;7.56364142637;1.57119608692;0.0;0.2622668135;0;0;0
11.8211234312;7.60223682344;1.57119608692;0.0;0.247267523075;0;0;0
11.8211080023;7.64083222051;1.57119608692;0.0;0.231297588555;0;0;0
11.8210925734;7.67942761758;1.57119608692;0.0;0.214139956513;0;0;0
11.8210771445;7.71802301465;1.57119608692;0.0;0.195482141076;0;0;0
11.8210617156;7.75661841172;1.57119608692;0.0;0.174844542333;0;0;0
11.8210462867;7.79521380879;1.57119608692;0.0;0.151419815374;0;0;0
11.8210308578;7.83380920586;1.57119608692;0.0;0.123633761537;0;0;0
11.8210154289;7.87240460293;1.57119608692;0.0;0.0874222711666;0;0;0
11.821;7.911;1.57119608692;0.0;0.0;0;0;0
11.821;7.911;1.57119608692;0;0;-0.2;1;0
11.821;7.911;1.55548412605;0;0;-0.2;1;0
11.821;7.911;1.53977216518;0;0;-0.2;1;0
11.821;7.911;1.52406020431;0;0;-0.2;1;0
11.821;7.911;1.50834824344;0;0;-0.2;1;0
11.821;7.911;1.49263628257;0;0;-0.2;1;0
11.821;7.911;1.4769243217;0;0;-0.2;1;0
11.821;7.911;1.46121236083;0;0;-0.2;1;0
11.821;7.911;1.44550039996;0;0;-0.2;1;0
11.821;7.911;1.42978843909;0;0;-0.2;1;0
11.821;7.911;1.41407647823;0;0;-0.2;1;0
11.821;7.911;1.39836451736;0;0;-0.2;1;0
11.821;7.911;1.38265255649;0;0;-0.2;1;0
11.821;7.911;1.36694059562;0;0;-0.207632558574;1;0
11.821;7.911;1.35122863475;0;0;-0.214994322623;1;0
11.821;7.911;1.33551667388;0;0;-0.2221122197;1;0
11.821;7.911;1.31980471301;0;0;-0.229008990042;1;0
11.821;7.911;1.30409275214;0;0;-0.23570404515;1;0
11.821;7.911;1.28838079127;0;0;-0.242214112471;1;0
11.821;7.911;1.2726688304;0;0;-0.248553727915;1;0
11.821;7.911;1.25695686953;0;0;-0.254735617926;1;0
11.821;7.911;1.24124490866;0;0;-0.26077099996;1;0
11.821;7.911;1.2255329478;0;0;-0.26666982169;1;0
11.821;7.911;1.20982098693;0;0;-0.272440953567;1;0
11.821;7.911;1.19410902606;0;0;-0.278092345383;1;0
11.821;7.911;1.17839706519;0;0;-0.283631154742;1;0
11.821;7.911;1.16268510432;0;0;-0.289063853362;1;0
11.821;7.911;1.14697314345;0;0;-0.294396315705;1;0
11.821;7.911;1.13126118258;0;0;-0.299633893411;1;0
11.821;7.911;1.11554922171;0;0;-0.304781478211;1;0
11.821;7.911;1.09983726084;0;0;-0.309843555429;1;0
11.821;7.911;1.08412529997;0;0;-0.314824249734;1;0
11.821;7.911;1.0684133391;0;0;-0.319727364485;1;0
11.821;7.911;1.05270137823;0;0;-0.324556415713;1;0
11.821;7.911;1.03698941737;0;0;-0.329314661624;1;0
11.821;7.911;1.0212774565;0;0;-0.334005128315;1;0
11.821;7.911;1.00556549563;0;0;-0.338630632284;1;0
11.821;7.911;0.989853534758;0;0;-0.343193800208;1;0
11.821;7.911;0.974141573889;0;0;-0.347697086385;1;0
11.821;7.911;0.95842961302;0;0;-0.352142788171;1;0
11.821;7.911;0.942717652151;0;0;-0.356533059675;1;0
11.821;7.911;0.927005691281;0;0;-0.360869923963;1;0
11.821;7.911;0.911293730412;0;0;-0.365155283956;1;0
11.821;7.911;0.895581769543;0;0;-0.369390932186;1;0
11.821;7.911;0.879869808674;0;0;-0.373578559558;1;0
11.821;7.911;0.864157847805;0;0;-0.377719763239;1;0
11.821;7.911;0.848445886935;0;0;-0.381816053776;1;0
11.821;7.911;0.832733926066;0;0;-0.385868861534;1;0
11.821;7.911;0.817021965197;0;0;-0.389879542527;1;0
11.821;7.911;0.801310004328;0;0;-0.393849383726;1;0
11.821;7.911;0.785598043459;0;0;-0.397779607875;1;0
11.821;7.911;0.76988608259;0;0;-0.393849383726;1;0
11.821;7.911;0.75417412172;0;0;-0.389879542527;1;0
11.821;7.911;0.738462160851;0;0;-0.385868861534;1;0
11.821;7.911;0.722750199982;0;0;-0.381816053776;1;0
11.821;7.911;0.707038239113;0;0;-0.377719763239;1;0
11.821;7.911;0.691326278244;0;0;-0.373578559558;1;0
11.821;7.911;0.675614317375;0;0;-0.369390932186;1;0
11.821;7.911;0.659902356505;0;0;-0.365155283956;1;0
11.821;7.911;0.644190395636;0;0;-0.360869923963;1;0
11.821;7.911;0.628478434767;0;0;-0.356533059675;1;0
11.821;7.911;0.612766473898;0;0;-0.352142788171;1;0
11.821;7.911;0.597054513029;0;0;-0.347697086385;1;0
11.821;7.911;0.581342552159;0;0;-0.343193800208;1;0
11.821;7.911;0.56563059129;0;0;-0.338630632284;1;0
11.821;7.911;0.549918630421;0;0;-0.334005128315;1;0
11.821;7.911;0.534206669552;0;0;-0.329314661624;1;0
11.821;7.911;0.518494708683;0;0;-0.324556415713;1;0
11.821;7.911;0.502782747814;0;0;-0.319727364485;1;0
11.821;7.911;0.487070786944;0;0;-0.314824249734;1;0
11.821;7.911;0.471358826075;0;0;-0.309843555429;1;0
11.821;7.911;0.455646865206;0;0;-0.304781478211;1;0
11.821;7.911;0.439934904337;0;0;-0.299633893411;1;0
11.821;7.911;0.424222943468;0;0;-0.294396315705;1;0
11.821;7.911;0.408510982599;0;0;-0.289063853362;1;0
11.821;7.911;0.392799021729;0;0;-0.283631154742;1;0
11.821;7.911;0.37708706086;0;0;-0.278092345383;1;0
11.821;7.911;0.361375099991;0;0;-0.272440953567;1;0
11.821;7.911;0.345663139122;0;0;-0.26666982169;1;0
11.821;7.911;0.329951178253;0;0;-0.26077099996;1;0
11.821;7.911;0.314239217384;0;0;-0.254735617926;1;0
11.821;7.911;0.298527256514;0;0;-0.248553727915;1;0
11.821;7.911;0.282815295645;0;0;-0.242214112471;1;0
11.821;7.911;0.267103334776;0;0;-0.23570404515;1;0
11.821;7.911;0.251391373907;0;0;-0.229008990042;1;0
11.821;7.911;0.235679413038;0;0;-0.2221122197;1;0
11.821;7.911;0.219967452168;0;0;-0.214994322623;1;0
11.821;7.911;0.204255491299;0;0;-0.207632558574;1;0
11.821;7.911;0.18854353043;0;0;-0.2;1;0
11.821;7.911;0.172831569561;0;0;-0.2;1;0
11.821;7.911;0.157119608692;0;0;-0.2;1;0
11.821;7.911;0.141407647823;0;0;-0.2;1;0
11.821;7.911;0.125695686953;0;0;-0.2;1;0
11.821;7.911;0.109983726084;0;0;-0.2;1;0
11.821;7.911;0.0942717652151;0;0;-0.2;1;0
11.821;7.911;0.0785598043459;0;0;-0.2;1;0
11.821;7.911;0.0628478434767;0;0;-0.2;1;0
11.821;7.911;0.0471358826075;0;0;-0.2;1;0
11.821;7.911;0.0314239217384;0;0;-0.2;1;0
11.821;7.911;0.0157119608692;0;0;-0.2;1;0
11.821;7.911;0.0;0;0;-0.2;1;0
